name,lat,lon
Acadie,45.523383,-73.623285
Angrignon,45.446466,-73.603118
Assomption,45.569257,-73.547566
Atwater,45.489796,-73.586078
Beaubien,45.535078,-73.605037
Beaudry,45.519488,-73.557307
Berri-UQAM,45.515317,-73.56108
Bonaventure,45.49813,-73.567293
Cadillac,45.576843,-73.54671
Cartier,45.560043,-73.682229
Champ-de-Mars,45.510064,-73.556445
Charlevoix,45.478465,-73.569336
Crémazie,45.545999,-73.638842
Côte-Sainte-Catherine,45.492344,-73.633104
Côte-Vertu,45.514254,-73.682752
Côte-des-Neiges,45.496778,-73.623389
D'Iberville,45.553578,-73.601986
De Castelnau,45.535469,-73.619874
De l'Église,45.461894,-73.567074
De la Concorde,45.560686,-73.709391
De la Savane,45.500087,-73.66158
Du Collège,45.509168,-73.674705
Fabre,45.546738,-73.608152
Frontenac,45.533526,-73.552216
Georges-Vanier,45.488941,-73.576457
Guy-Concordia,45.49557,-73.57931
Henri-Bourassa,45.554441,-73.668474
Honoré-Beaugrand,45.596572,-73.535357
Jarry,45.543156,-73.628721
Jean-Drapeau,45.512454,-73.533128
Jean-Talon,45.538911,-73.613941
Jolicoeur,45.45703,-73.581946
Joliette,45.54684,-73.551418
LaSalle,45.471063,-73.566267
Langelier,45.582745,-73.543148
Laurier,45.527436,-73.587002
Lionel-Groulx,45.482509,-73.58018
Longueuil-Université de Sherbrooke,45.52463,-73.521976
Lucien-L'Allier,45.494765,-73.571103
McGill,45.504096,-73.571657
Monk,45.451158,-73.593242
Mont-Royal,45.524815,-73.581707
Montmorency,45.558459,-73.722422
Namur,45.494688,-73.652778
Outremont,45.520281,-73.614856
Papineau,45.524115,-73.552964
Parc,45.530177,-73.624559
Peel,45.500879,-73.574715
Pie-IX,45.55371,-73.551701
Place-Saint-Henri,45.47732,-73.586629
Place-d'Armes,45.506348,-73.559548
Place-des-Arts,45.50822,-73.568433
Plamondon,45.494656,-73.638269
Préfontaine,45.541717,-73.554192
Radisson,45.589414,-73.539224
Rosemont,45.531736,-73.597696
Saint-Laurent,45.511081,-73.564963
Saint-Michel,45.559573,-73.600023
Sauvé,45.550895,-73.656102
Sherbrooke,45.51906,-73.569217
Snowdon,45.485632,-73.628104
Square-Victoria–OACI,45.50191,-73.5631
Université-de-Montréal,45.503318,-73.617641
Vendôme,45.473908,-73.603762
Verdun,45.459417,-73.572272
Viau,45.560878,-73.547427
Villa-Maria,45.47975,-73.619761
Édouard-Montpetit,45.509908,-73.61281
